"Message",Low,"Starting .NET Native compilation"
"Message",Low,""
"Message",Low,""
"Message",Low,"Task ""Gatekeeper"""
"Message",Normal,"Launching 'C:\Users\v-chmin\.nuget\packages\microsoft.net.native.compiler\1.7.0\tools\x86\ilc\Tools\Gatekeeper.exe @""D:\test\A_Windows_UWP-Presidents\presidents\Presidents\obj\x86\Release\ilc\intermediate\gkargs.rsp""'"
"Message",Low,"Microsoft (R) .NET Native Gatekeeper Version 1.7.25531.01 "
"Message",Low,"Copyright (C) Microsoft Corporation.  All rights reserved. "
"Message",Low," "
"Message",Low,"Checking assembly 'D:\test\A_Windows_UWP-Presidents\presidents\Presidents\obj\x86\Release\ilc\in\Microsoft.ApplicationInsights.dll'. "
"Message",Low,"Checking assembly 'D:\test\A_Windows_UWP-Presidents\presidents\Presidents\obj\x86\Release\ilc\in\Microsoft.ApplicationInsights.Extensibility.Windows.dll'. "
"Message",Low,"Checking assembly 'D:\test\A_Windows_UWP-Presidents\presidents\Presidents\obj\x86\Release\ilc\in\Microsoft.ApplicationInsights.PersistenceChannel.dll'. "
"Message",Low,"Checking assembly 'D:\test\A_Windows_UWP-Presidents\presidents\Presidents\obj\x86\Release\ilc\in\Microsoft.Azure.Mobile.Analytics.dll'. "
"Message",Low,"Checking assembly 'D:\test\A_Windows_UWP-Presidents\presidents\Presidents\obj\x86\Release\ilc\in\Microsoft.Azure.Mobile.Crashes.dll'. "
"Message",Low,"Checking assembly 'D:\test\A_Windows_UWP-Presidents\presidents\Presidents\obj\x86\Release\ilc\in\Microsoft.Azure.Mobile.Distribute.dll'. "
"Message",Low,"Checking assembly 'D:\test\A_Windows_UWP-Presidents\presidents\Presidents\obj\x86\Release\ilc\in\Microsoft.Azure.Mobile.dll'. "
"Message",Low,"Checking assembly 'D:\test\A_Windows_UWP-Presidents\presidents\Presidents\obj\x86\Release\ilc\in\Microsoft.Azure.Mobile.Push.dll'. "
"Message",Low,"Checking assembly 'D:\test\A_Windows_UWP-Presidents\presidents\Presidents\obj\x86\Release\ilc\in\Newtonsoft.Json.dll'. "
"Message",Low,"Checking assembly 'D:\test\A_Windows_UWP-Presidents\presidents\Presidents\obj\x86\Release\ilc\in\Presidents.exe'. "
"Message",Low,"Checking assembly 'D:\test\A_Windows_UWP-Presidents\presidents\Presidents\obj\x86\Release\ilc\in\SQLite-net.dll'. "
"Message",Low,"Checking assembly 'D:\test\A_Windows_UWP-Presidents\presidents\Presidents\obj\x86\Release\ilc\in\SQLitePCLRaw.batteries_green.dll'. "
"Message",Low,"Checking assembly 'D:\test\A_Windows_UWP-Presidents\presidents\Presidents\obj\x86\Release\ilc\in\SQLitePCLRaw.batteries_v2.dll'. "
"Message",Low,"Checking assembly 'D:\test\A_Windows_UWP-Presidents\presidents\Presidents\obj\x86\Release\ilc\in\SQLitePCLRaw.core.dll'. "
"Message",Low,"Checking assembly 'D:\test\A_Windows_UWP-Presidents\presidents\Presidents\obj\x86\Release\ilc\in\SQLitePCLRaw.provider.e_sqlite3.dll'. "
"Message",Low,"Checking assembly 'D:\test\A_Windows_UWP-Presidents\presidents\Presidents\obj\x86\Release\ilc\in\WatsonRegistrationUtility.winmd'. "
"Message",Normal,"'C:\Users\v-chmin\.nuget\packages\microsoft.net.native.compiler\1.7.0\tools\x86\ilc\Tools\Gatekeeper.exe @""D:\test\A_Windows_UWP-Presidents\presidents\Presidents\obj\x86\Release\ilc\intermediate\gkargs.rsp""' completed."
"Message",Normal,"Process execution statistics (all times in milliseconds)"
"Message",Normal,"-----------------------------------------------------------------------------"
"Message",Normal,"launch  |  start   |   stop   |   end    | duration | lifetime | [slot] name"
"Message",Normal,"-----------------------------------------------------------------------------"
"Message",Normal,"       0 |       15 |      843 |      843 |      828 |      843 | [0] Gatekeeper"
"Message",Normal,"Number of commands:      1"
"Message",Normal,"Total system time:       843 ms"
"Message",Normal,"System time per command: 843 ms"
"Message",Normal,"Total duration:          828 ms"
"Message",Normal,"Total lifetime:          843 ms"
"Message",Normal,"Requested DOP:           4"
"Message",Normal,"Duration DOP:            1.0"
"Message",Normal,"Lifetime DOP:            1.0"
"Message",Low,"Done executing task ""Gatekeeper""."
"Message",Low,"Done building target ""RunGatekeeper"" in file ""Preparation""."
"Message",Low,""
"Message",Low,"Task ""InjectWindowsRuntimeTypeForwards"""
"Message",Normal,"Running 'InjectWindowsRuntimeTypeForwards' transform, heap at 11 MB."
"Message",Normal,"Running 'WriteAssemblies' transform, heap at 15 MB."
"Message",Normal,""
"Message",Normal,"Transform summary"
"Message",Normal,"    ms | heap delta | name"
"Message",Normal,"   330 |          4 | InjectWindowsRuntimeTypeForwards"
"Message",Normal,"   258 |          1 | WriteAssemblies"
"Message",Low,"Done executing task ""InjectWindowsRuntimeTypeForwards""."
"Message",Low,"Done building target ""InjectWindowRuntimeTypeForwards"" in file ""Preparation""."
"Message",Low,""
"Message",Low,"Task ""PreResolveAssemblyClosure"""
"Message",Low,"Done executing task ""PreResolveAssemblyClosure""."
"Message",Low,"Task ""PreResolveTransforms"""
"Message",Normal,"Running 'ResolveSelfReferences' transform, heap at 26 MB."
"Message",Normal,"Running 'RemoveDuplicateMembers' transform, heap at 60 MB."
"Message",Normal,"Running 'PortableLib' transform, heap at 60 MB."
"Message",Normal,"Running 'WriteAssemblies' transform, heap at 87 MB."
"Message",Normal,""
"Message",Normal,"Transform summary"
"Message",Normal,"    ms | heap delta | name"
"Message",Normal,"   298 |         34 | ResolveSelfReferences"
"Message",Normal,"   210 |        -45 | WriteAssemblies"
"Message",Normal,"   185 |         27 | PortableLib"
"Message",Normal,"     0 |          0 | RemoveDuplicateMembers"
"Message",Low,"Done executing task ""PreResolveTransforms""."
"Message",Low,"Done building target ""PreResolveTransforms"" in file ""Preparation""."
"Message",Low,""
"Message",Low,"Task ""InitialAssemblyClosure"""
"Message",Low,"Done executing task ""InitialAssemblyClosure""."
"Message",Low,"Task ""ResolveInitialReferencesAssemblyClosure1"""
"Message",Low,"Done executing task ""ResolveInitialReferencesAssemblyClosure1""."
"Message",Low,"Task ""ResolveInitialReferencesAssemblyClosure2"""
"Message",Low,"Done executing task ""ResolveInitialReferencesAssemblyClosure2""."
"Message",Low,"Done building target ""ResolveInitialReferences"" in file ""Preparation""."
"Message",Low,"Done building project ""Preparation""."
"Message",Low,""
"Message",Low,""
"Message",High,"Processing application code"
"Message",Low,"Task ""ValidateSimpleNames"""
"Message",Low,"Done executing task ""ValidateSimpleNames""."
"Message",Low,"Task ""McgContractsResolveFilePath"""
"Message",Low,"Done executing task ""McgContractsResolveFilePath""."
"Message",Low,"Task ""McgFacadeResolveFilePath"""
"Message",Low,"Done executing task ""McgFacadeResolveFilePath""."
"Message",Low,"Task ""FinalAssemblyClosureRootsResolveFilePaths"""
"Message",Low,"Done executing task ""FinalAssemblyClosureRootsResolveFilePaths""."
"Message",Low,"Task ""FinalAssemblyClosure"""
"Message",Low,"Done executing task ""FinalAssemblyClosure""."
"Message",Low,"Task ""RunILTransforms"""
"Message",Normal,"Running 'Analysis' transform, heap at 30 MB."
"Message",Low,"Loading 98 modules..."
"Message",Normal,"Imported reflection directives from 17 files:"
"Message",Normal,"D:\test\A_Windows_UWP-Presidents\presidents\Presidents\obj\x86\Release\ilc\in\Properties\Default.rd.xml"
"Message",Normal,"Embedded manifest in System.Diagnostics.Tracing: Resources.System.Diagnostics.Tracing.rd.xml"
"Message",Normal,"Embedded manifest in System.Private.Reflection: System.Private.Reflection.rd.xml"
"Message",Normal,"Embedded manifest in System.Private.CoreLib: Resources.System.Private.CoreLib.rd.xml"
"Message",Normal,"Embedded manifest in System.Private.Uri: Resources.System.Private.Uri.rd.xml"
"Message",Normal,"Embedded manifest in System.Private.Reflection.Core: System.Private.Reflection.Core.rd.xml"
"Message",Normal,"Embedded manifest in System.Linq.Expressions: Resources.System.Linq.Expressions.rd.xml"
"Message",Normal,"Embedded manifest in System.Private.PortableThunks: Resources.System.Private.PortableThunks.rd.xml"
"Message",Normal,"Embedded manifest in System.Dynamic.Runtime: Resources.System.Dynamic.Runtime.rd.xml"
"Message",Normal,"Embedded manifest in System.Runtime.Serialization.Primitives: System.Runtime.Serialization.Primitives.Resources.System.Runtime.Serialization.Primitives.rd.xml"
"Message",Normal,"Embedded manifest in System.Xml.ReaderWriter: System.Xml.Resources.System.Xml.ReaderWriter.rd.xml"
"Message",Normal,"Embedded manifest in System.Xml.XDocument: System.Xml.Resources.System.Xml.XDocument.rd.xml"
"Message",Normal,"Embedded manifest in System.Private.Interop: Resources.System.Private.Interop.rd.xml"
"Message",Normal,"Embedded manifest in Microsoft.Azure.Mobile.Analytics: Microsoft.Azure.Mobile.Analytics.Properties.Microsoft.Azure.Mobile.Analytics.UWP.rd.xml"
"Message",Normal,"Embedded manifest in Microsoft.Azure.Mobile.Crashes: Microsoft.Azure.Mobile.Crashes.Properties.Microsoft.Azure.Mobile.Crashes.UWP.rd.xml"
"Message",Normal,"Microsoft.ApplicationInsights"
"Message",Normal,"Newtonsoft.Json"
"Message",Normal,"Imported XAML Roots from 1 files:"
"Message",Normal,"D:\test\A_Windows_UWP-Presidents\presidents\Presidents\obj\x86\Release\ilc\in\Presidents.xr.xml"
"Message",Normal,"Running 'Mcg' transform, heap at 177 MB."
"Message",High,"Computing application closure and generating interop code"
"Message",Normal,"  List of .lib files:"
"Message",Normal,"      WindowsApp.lib"
"Message",Normal,"      winsqlite3.lib"
"Message",Normal,"  List of .lib search paths:"
"Message",Normal,"      C:\Program Files (x86)\Windows Kits\10\lib\10.0.14393.0\um\x86"
"Message",Normal,"  Loading exports from libs..."
"Message",Normal,"      2526 exports read from 'C:\Program Files (x86)\Windows Kits\10\lib\10.0.14393.0\um\x86\WindowsApp.lib'."
"Message",Normal,"      231 exports read from 'C:\Program Files (x86)\Windows Kits\10\lib\10.0.14393.0\um\x86\winsqlite3.lib'."
"Message",High,"  Loading 98 modules..."
"Message",Normal,"          P/Invoke 'sqlite3_close' resolved to 'e_sqlite3!sqlite3_close' from 'e_sqlite3'."
"Message",Normal,"          P/Invoke 'sqlite3_close_v2' resolved to 'e_sqlite3!sqlite3_close_v2' from 'e_sqlite3'."
"Message",Normal,"          P/Invoke 'sqlite3_enable_shared_cache' resolved to 'e_sqlite3!sqlite3_enable_shared_cache' from 'e_sqlite3'."
"Message",Normal,"          P/Invoke 'sqlite3_interrupt' resolved to 'e_sqlite3!sqlite3_interrupt' from 'e_sqlite3'."
"Message",Normal,"          P/Invoke 'sqlite3_finalize' resolved to 'e_sqlite3!sqlite3_finalize' from 'e_sqlite3'."
"Message",Normal,"          P/Invoke 'sqlite3_reset' resolved to 'e_sqlite3!sqlite3_reset' from 'e_sqlite3'."
"Message",Normal,"          P/Invoke 'sqlite3_clear_bindings' resolved to 'e_sqlite3!sqlite3_clear_bindings' from 'e_sqlite3'."
"Message",Normal,"          P/Invoke 'sqlite3_stmt_status' resolved to 'e_sqlite3!sqlite3_stmt_status' from 'e_sqlite3'."
"Message",Normal,"          P/Invoke 'sqlite3_bind_parameter_name' resolved to 'e_sqlite3!sqlite3_bind_parameter_name' from 'e_sqlite3'."
"Message",Normal,"          P/Invoke 'sqlite3_column_database_name' resolved to 'e_sqlite3!sqlite3_column_database_name' from 'e_sqlite3'."
"Message",Normal,"          P/Invoke 'sqlite3_column_database_name16' resolved to 'e_sqlite3!sqlite3_column_database_name16' from 'e_sqlite3'."
"Message",Normal,"          P/Invoke 'sqlite3_column_decltype' resolved to 'e_sqlite3!sqlite3_column_decltype' from 'e_sqlite3'."
"Message",Normal,"          P/Invoke 'sqlite3_column_decltype16' resolved to 'e_sqlite3!sqlite3_column_decltype16' from 'e_sqlite3'."
"Message",Normal,"          P/Invoke 'sqlite3_column_name' resolved to 'e_sqlite3!sqlite3_column_name' from 'e_sqlite3'."
"Message",Normal,"          P/Invoke 'sqlite3_column_name16' resolved to 'e_sqlite3!sqlite3_column_name16' from 'e_sqlite3'."
"Message",Normal,"          P/Invoke 'sqlite3_column_origin_name' resolved to 'e_sqlite3!sqlite3_column_origin_name' from 'e_sqlite3'."
"Message",Normal,"          P/Invoke 'sqlite3_column_origin_name16' resolved to 'e_sqlite3!sqlite3_column_origin_name16' from 'e_sqlite3'."
"Message",Normal,"          P/Invoke 'sqlite3_column_table_name' resolved to 'e_sqlite3!sqlite3_column_table_name' from 'e_sqlite3'."
"Message",Normal,"          P/Invoke 'sqlite3_column_table_name16' resolved to 'e_sqlite3!sqlite3_column_table_name16' from 'e_sqlite3'."
"Message",Normal,"          P/Invoke 'sqlite3_column_text' resolved to 'e_sqlite3!sqlite3_column_text' from 'e_sqlite3'."
"Message",Normal,"          P/Invoke 'sqlite3_column_text16' resolved to 'e_sqlite3!sqlite3_column_text16' from 'e_sqlite3'."
"Message",Normal,"          P/Invoke 'sqlite3_errmsg' resolved to 'e_sqlite3!sqlite3_errmsg' from 'e_sqlite3'."
"Message",Normal,"          P/Invoke 'sqlite3_db_readonly' resolved to 'e_sqlite3!sqlite3_db_readonly' from 'e_sqlite3'."
"Message",Normal,"          P/Invoke 'sqlite3_db_filename' resolved to 'e_sqlite3!sqlite3_db_filename' from 'e_sqlite3'."
"Message",Normal,"          P/Invoke 'sqlite3_prepare' resolved to 'e_sqlite3!sqlite3_prepare' from 'e_sqlite3'."
"Message",Normal,"          P/Invoke 'sqlite3_prepare_v2' resolved to 'e_sqlite3!sqlite3_prepare_v2' from 'e_sqlite3'."
"Message",Normal,"          P/Invoke 'sqlite3_db_status' resolved to 'e_sqlite3!sqlite3_db_status' from 'e_sqlite3'."
"Message",Normal,"          P/Invoke 'sqlite3_complete' resolved to 'e_sqlite3!sqlite3_complete' from 'e_sqlite3'."
"Message",Normal,"          P/Invoke 'sqlite3_compileoption_used' resolved to 'e_sqlite3!sqlite3_compileoption_used' from 'e_sqlite3'."
"Message",Normal,"          P/Invoke 'sqlite3_compileoption_get' resolved to 'e_sqlite3!sqlite3_compileoption_get' from 'e_sqlite3'."
"Message",Normal,"          P/Invoke 'sqlite3_table_column_metadata' resolved to 'e_sqlite3!sqlite3_table_column_metadata' from 'e_sqlite3'."
"Message",Normal,"          P/Invoke 'sqlite3_value_text' resolved to 'e_sqlite3!sqlite3_value_text' from 'e_sqlite3'."
"Message",Normal,"          P/Invoke 'sqlite3_value_text16' resolved to 'e_sqlite3!sqlite3_value_text16' from 'e_sqlite3'."
"Message",Normal,"          P/Invoke 'sqlite3_enable_load_extension' resolved to 'e_sqlite3!sqlite3_enable_load_extension' from 'e_sqlite3'."
"Message",Normal,"          P/Invoke 'sqlite3_load_extension' resolved to 'e_sqlite3!sqlite3_load_extension' from 'e_sqlite3'."
"Message",Normal,"          P/Invoke 'sqlite3_initialize' resolved to 'e_sqlite3!sqlite3_initialize' from 'e_sqlite3'."
"Message",Normal,"          P/Invoke 'sqlite3_shutdown' resolved to 'e_sqlite3!sqlite3_shutdown' from 'e_sqlite3'."
"Message",Normal,"          P/Invoke 'sqlite3_libversion' resolved to 'e_sqlite3!sqlite3_libversion' from 'e_sqlite3'."
"Message",Normal,"          P/Invoke 'sqlite3_libversion_number' resolved to 'e_sqlite3!sqlite3_libversion_number' from 'e_sqlite3'."
"Message",Normal,"          P/Invoke 'sqlite3_threadsafe' resolved to 'e_sqlite3!sqlite3_threadsafe' from 'e_sqlite3'."
"Message",Normal,"          P/Invoke 'sqlite3_sourceid' resolved to 'e_sqlite3!sqlite3_sourceid' from 'e_sqlite3'."
"Message",Normal,"          P/Invoke 'sqlite3_malloc' resolved to 'e_sqlite3!sqlite3_malloc' from 'e_sqlite3'."
"Message",Normal,"          P/Invoke 'sqlite3_realloc' resolved to 'e_sqlite3!sqlite3_realloc' from 'e_sqlite3'."
"Message",Normal,"          P/Invoke 'sqlite3_free' resolved to 'e_sqlite3!sqlite3_free' from 'e_sqlite3'."
"Message",Normal,"          P/Invoke 'sqlite3_open' resolved to 'e_sqlite3!sqlite3_open' from 'e_sqlite3'."
"Message",Normal,"          P/Invoke 'sqlite3_open_v2' resolved to 'e_sqlite3!sqlite3_open_v2' from 'e_sqlite3'."
"Message",Normal,"          P/Invoke 'sqlite3_vfs_find' resolved to 'e_sqlite3!sqlite3_vfs_find' from 'e_sqlite3'."
"Message",Normal,"          P/Invoke 'sqlite3_open16' resolved to 'e_sqlite3!sqlite3_open16' from 'e_sqlite3'."
"Message",Normal,"          P/Invoke 'sqlite3_last_insert_rowid' resolved to 'e_sqlite3!sqlite3_last_insert_rowid' from 'e_sqlite3'."
"Message",Normal,"          P/Invoke 'sqlite3_changes' resolved to 'e_sqlite3!sqlite3_changes' from 'e_sqlite3'."
"Message",Normal,"          P/Invoke 'sqlite3_total_changes' resolved to 'e_sqlite3!sqlite3_total_changes' from 'e_sqlite3'."
"Message",Normal,"          P/Invoke 'sqlite3_memory_used' resolved to 'e_sqlite3!sqlite3_memory_used' from 'e_sqlite3'."
"Message",Normal,"          P/Invoke 'sqlite3_memory_highwater' resolved to 'e_sqlite3!sqlite3_memory_highwater' from 'e_sqlite3'."
"Message",Normal,"          P/Invoke 'sqlite3_status' resolved to 'e_sqlite3!sqlite3_status' from 'e_sqlite3'."
"Message",Normal,"          P/Invoke 'sqlite3_busy_timeout' resolved to 'e_sqlite3!sqlite3_busy_timeout' from 'e_sqlite3'."
"Message",Normal,"          P/Invoke 'sqlite3_bind_blob' resolved to 'e_sqlite3!sqlite3_bind_blob' from 'e_sqlite3'."
"Message",Normal,"          P/Invoke 'sqlite3_bind_zeroblob' resolved to 'e_sqlite3!sqlite3_bind_zeroblob' from 'e_sqlite3'."
"Message",Normal,"          P/Invoke 'sqlite3_bind_double' resolved to 'e_sqlite3!sqlite3_bind_double' from 'e_sqlite3'."
"Message",Normal,"          P/Invoke 'sqlite3_bind_int' resolved to 'e_sqlite3!sqlite3_bind_int' from 'e_sqlite3'."
"Message",Normal,"          P/Invoke 'sqlite3_bind_int64' resolved to 'e_sqlite3!sqlite3_bind_int64' from 'e_sqlite3'."
"Message",Normal,"          P/Invoke 'sqlite3_bind_null' resolved to 'e_sqlite3!sqlite3_bind_null' from 'e_sqlite3'."
"Message",Normal,"          P/Invoke 'sqlite3_bind_text' resolved to 'e_sqlite3!sqlite3_bind_text' from 'e_sqlite3'."
"Message",Normal,"          P/Invoke 'sqlite3_bind_parameter_count' resolved to 'e_sqlite3!sqlite3_bind_parameter_count' from 'e_sqlite3'."
"Message",Normal,"          P/Invoke 'sqlite3_bind_parameter_index' resolved to 'e_sqlite3!sqlite3_bind_parameter_index' from 'e_sqlite3'."
"Message",Normal,"          P/Invoke 'sqlite3_column_count' resolved to 'e_sqlite3!sqlite3_column_count' from 'e_sqlite3'."
"Message",Normal,"          P/Invoke 'sqlite3_data_count' resolved to 'e_sqlite3!sqlite3_data_count' from 'e_sqlite3'."
"Message",Normal,"          P/Invoke 'sqlite3_step' resolved to 'e_sqlite3!sqlite3_step' from 'e_sqlite3'."
"Message",Normal,"          P/Invoke 'sqlite3_sql' resolved to 'e_sqlite3!sqlite3_sql' from 'e_sqlite3'."
"Message",Normal,"          P/Invoke 'sqlite3_column_double' resolved to 'e_sqlite3!sqlite3_column_double' from 'e_sqlite3'."
"Message",Normal,"          P/Invoke 'sqlite3_column_int' resolved to 'e_sqlite3!sqlite3_column_int' from 'e_sqlite3'."
"Message",Normal,"          P/Invoke 'sqlite3_column_int64' resolved to 'e_sqlite3!sqlite3_column_int64' from 'e_sqlite3'."
"Message",Normal,"          P/Invoke 'sqlite3_column_blob' resolved to 'e_sqlite3!sqlite3_column_blob' from 'e_sqlite3'."
"Message",Normal,"          P/Invoke 'sqlite3_column_bytes' resolved to 'e_sqlite3!sqlite3_column_bytes' from 'e_sqlite3'."
"Message",Normal,"          P/Invoke 'sqlite3_column_type' resolved to 'e_sqlite3!sqlite3_column_type' from 'e_sqlite3'."
"Message",Normal,"          P/Invoke 'sqlite3_aggregate_count' resolved to 'e_sqlite3!sqlite3_aggregate_count' from 'e_sqlite3'."
"Message",Normal,"          P/Invoke 'sqlite3_value_blob' resolved to 'e_sqlite3!sqlite3_value_blob' from 'e_sqlite3'."
"Message",Normal,"          P/Invoke 'sqlite3_value_bytes' resolved to 'e_sqlite3!sqlite3_value_bytes' from 'e_sqlite3'."
"Message",Normal,"          P/Invoke 'sqlite3_value_double' resolved to 'e_sqlite3!sqlite3_value_double' from 'e_sqlite3'."
"Message",Normal,"          P/Invoke 'sqlite3_value_int' resolved to 'e_sqlite3!sqlite3_value_int' from 'e_sqlite3'."
"Message",Normal,"          P/Invoke 'sqlite3_value_int64' resolved to 'e_sqlite3!sqlite3_value_int64' from 'e_sqlite3'."
"Message",Normal,"          P/Invoke 'sqlite3_value_type' resolved to 'e_sqlite3!sqlite3_value_type' from 'e_sqlite3'."
"Message",Normal,"          P/Invoke 'sqlite3_user_data' resolved to 'e_sqlite3!sqlite3_user_data' from 'e_sqlite3'."
"Message",Normal,"          P/Invoke 'sqlite3_result_blob' resolved to 'e_sqlite3!sqlite3_result_blob' from 'e_sqlite3'."
"Message",Normal,"          P/Invoke 'sqlite3_result_double' resolved to 'e_sqlite3!sqlite3_result_double' from 'e_sqlite3'."
"Message",Normal,"          P/Invoke 'sqlite3_result_error' resolved to 'e_sqlite3!sqlite3_result_error' from 'e_sqlite3'."
"Message",Normal,"          P/Invoke 'sqlite3_result_int' resolved to 'e_sqlite3!sqlite3_result_int' from 'e_sqlite3'."
"Message",Normal,"          P/Invoke 'sqlite3_result_int64' resolved to 'e_sqlite3!sqlite3_result_int64' from 'e_sqlite3'."
"Message",Normal,"          P/Invoke 'sqlite3_result_null' resolved to 'e_sqlite3!sqlite3_result_null' from 'e_sqlite3'."
"Message",Normal,"          P/Invoke 'sqlite3_result_text' resolved to 'e_sqlite3!sqlite3_result_text' from 'e_sqlite3'."
"Message",Normal,"          P/Invoke 'sqlite3_result_zeroblob' resolved to 'e_sqlite3!sqlite3_result_zeroblob' from 'e_sqlite3'."
"Message",Normal,"          P/Invoke 'sqlite3_result_error_toobig' resolved to 'e_sqlite3!sqlite3_result_error_toobig' from 'e_sqlite3'."
"Message",Normal,"          P/Invoke 'sqlite3_result_error_nomem' resolved to 'e_sqlite3!sqlite3_result_error_nomem' from 'e_sqlite3'."
"Message",Normal,"          P/Invoke 'sqlite3_result_error_code' resolved to 'e_sqlite3!sqlite3_result_error_code' from 'e_sqlite3'."
"Message",Normal,"          P/Invoke 'sqlite3_aggregate_context' resolved to 'e_sqlite3!sqlite3_aggregate_context' from 'e_sqlite3'."
"Message",Normal,"          P/Invoke 'sqlite3_bind_text16' resolved to 'e_sqlite3!sqlite3_bind_text16' from 'e_sqlite3'."
"Message",Normal,"          P/Invoke 'sqlite3_result_error16' resolved to 'e_sqlite3!sqlite3_result_error16' from 'e_sqlite3'."
"Message",Normal,"          P/Invoke 'sqlite3_result_text16' resolved to 'e_sqlite3!sqlite3_result_text16' from 'e_sqlite3'."
"Message",Normal,"          P/Invoke 'sqlite3_config' resolved to 'e_sqlite3!sqlite3_config' from 'e_sqlite3'."
"Message",Normal,"          P/Invoke 'sqlite3_config' resolved to 'e_sqlite3!sqlite3_config' from 'e_sqlite3'."
"Message",Normal,"          P/Invoke 'sqlite3_config' resolved to 'e_sqlite3!sqlite3_config' from 'e_sqlite3'."
"Message",Normal,"          P/Invoke 'sqlite3_create_function_v2' resolved to 'e_sqlite3!sqlite3_create_function_v2' from 'e_sqlite3'."
"Message",Normal,"          P/Invoke 'sqlite3_create_collation' resolved to 'e_sqlite3!sqlite3_create_collation' from 'e_sqlite3'."
"Message",Normal,"          P/Invoke 'sqlite3_update_hook' resolved to 'e_sqlite3!sqlite3_update_hook' from 'e_sqlite3'."
"Message",Normal,"          P/Invoke 'sqlite3_commit_hook' resolved to 'e_sqlite3!sqlite3_commit_hook' from 'e_sqlite3'."
"Message",Normal,"          P/Invoke 'sqlite3_profile' resolved to 'e_sqlite3!sqlite3_profile' from 'e_sqlite3'."
"Message",Normal,"          P/Invoke 'sqlite3_progress_handler' resolved to 'e_sqlite3!sqlite3_progress_handler' from 'e_sqlite3'."
"Message",Normal,"          P/Invoke 'sqlite3_trace' resolved to 'e_sqlite3!sqlite3_trace' from 'e_sqlite3'."
"Message",Normal,"          P/Invoke 'sqlite3_rollback_hook' resolved to 'e_sqlite3!sqlite3_rollback_hook' from 'e_sqlite3'."
"Message",Normal,"          P/Invoke 'sqlite3_db_handle' resolved to 'e_sqlite3!sqlite3_db_handle' from 'e_sqlite3'."
"Message",Normal,"          P/Invoke 'sqlite3_next_stmt' resolved to 'e_sqlite3!sqlite3_next_stmt' from 'e_sqlite3'."
"Message",Normal,"          P/Invoke 'sqlite3_stmt_busy' resolved to 'e_sqlite3!sqlite3_stmt_busy' from 'e_sqlite3'."
"Message",Normal,"          P/Invoke 'sqlite3_stmt_readonly' resolved to 'e_sqlite3!sqlite3_stmt_readonly' from 'e_sqlite3'."
"Message",Normal,"          P/Invoke 'sqlite3_exec' resolved to 'e_sqlite3!sqlite3_exec' from 'e_sqlite3'."
"Message",Normal,"          P/Invoke 'sqlite3_get_autocommit' resolved to 'e_sqlite3!sqlite3_get_autocommit' from 'e_sqlite3'."
"Message",Normal,"          P/Invoke 'sqlite3_extended_result_codes' resolved to 'e_sqlite3!sqlite3_extended_result_codes' from 'e_sqlite3'."
"Message",Normal,"          P/Invoke 'sqlite3_errcode' resolved to 'e_sqlite3!sqlite3_errcode' from 'e_sqlite3'."
"Message",Normal,"          P/Invoke 'sqlite3_extended_errcode' resolved to 'e_sqlite3!sqlite3_extended_errcode' from 'e_sqlite3'."
"Message",Normal,"          P/Invoke 'sqlite3_errstr' resolved to 'e_sqlite3!sqlite3_errstr' from 'e_sqlite3'."
"Message",Normal,"          P/Invoke 'sqlite3_log' resolved to 'e_sqlite3!sqlite3_log' from 'e_sqlite3'."
"Message",Normal,"          P/Invoke 'sqlite3_file_control' resolved to 'e_sqlite3!sqlite3_file_control' from 'e_sqlite3'."
"Message",Normal,"          P/Invoke 'sqlite3_backup_init' resolved to 'e_sqlite3!sqlite3_backup_init' from 'e_sqlite3'."
"Message",Normal,"          P/Invoke 'sqlite3_backup_step' resolved to 'e_sqlite3!sqlite3_backup_step' from 'e_sqlite3'."
"Message",Normal,"          P/Invoke 'sqlite3_backup_finish' resolved to 'e_sqlite3!sqlite3_backup_finish' from 'e_sqlite3'."
"Message",Normal,"          P/Invoke 'sqlite3_backup_remaining' resolved to 'e_sqlite3!sqlite3_backup_remaining' from 'e_sqlite3'."
"Message",Normal,"          P/Invoke 'sqlite3_backup_pagecount' resolved to 'e_sqlite3!sqlite3_backup_pagecount' from 'e_sqlite3'."
"Message",Normal,"          P/Invoke 'sqlite3_blob_open' resolved to 'e_sqlite3!sqlite3_blob_open' from 'e_sqlite3'."
"Message",Normal,"          P/Invoke 'sqlite3_blob_write' resolved to 'e_sqlite3!sqlite3_blob_write' from 'e_sqlite3'."
"Message",Normal,"          P/Invoke 'sqlite3_blob_read' resolved to 'e_sqlite3!sqlite3_blob_read' from 'e_sqlite3'."
"Message",Normal,"          P/Invoke 'sqlite3_blob_write' resolved to 'e_sqlite3!sqlite3_blob_write' from 'e_sqlite3'."
"Message",Normal,"          P/Invoke 'sqlite3_blob_read' resolved to 'e_sqlite3!sqlite3_blob_read' from 'e_sqlite3'."
"Message",Normal,"          P/Invoke 'sqlite3_blob_bytes' resolved to 'e_sqlite3!sqlite3_blob_bytes' from 'e_sqlite3'."
"Message",Normal,"          P/Invoke 'sqlite3_blob_close' resolved to 'e_sqlite3!sqlite3_blob_close' from 'e_sqlite3'."
"Message",Normal,"          P/Invoke 'sqlite3_wal_autocheckpoint' resolved to 'e_sqlite3!sqlite3_wal_autocheckpoint' from 'e_sqlite3'."
"Message",Normal,"          P/Invoke 'sqlite3_wal_checkpoint' resolved to 'e_sqlite3!sqlite3_wal_checkpoint' from 'e_sqlite3'."
"Message",Normal,"          P/Invoke 'sqlite3_wal_checkpoint_v2' resolved to 'e_sqlite3!sqlite3_wal_checkpoint_v2' from 'e_sqlite3'."
"Message",Normal,"          P/Invoke 'sqlite3_set_authorizer' resolved to 'e_sqlite3!sqlite3_set_authorizer' from 'e_sqlite3'."
"Message",Normal,"          P/Invoke 'sqlite3_win32_set_directory' resolved to 'e_sqlite3!sqlite3_win32_set_directory' from 'e_sqlite3'."
"Message",Normal,"          P/Invoke 'RhWaitForPendingFinalizers' with [DllImport(ExactSpelling=true)] resolved to '[MRT]!RhWaitForPendingFinalizers'."
"Message",Normal,"          P/Invoke 'RhYield' with [DllImport(ExactSpelling=true)] resolved to '[MRT]!RhYield'."
"Message",Normal,"          P/Invoke 'RhCompatibleReentrantWaitAny' with [DllImport(ExactSpelling=true)] resolved to '[MRT]!RhCompatibleReentrantWaitAny'."
"Message",Normal,"          P/Invoke '_ecvt_s' with [DllImport(ExactSpelling=true)] resolved to '[MRT]!_ecvt_s'."
"Message",Normal,"          P/Invoke 'memmove' with [DllImport(ExactSpelling=true)] resolved to '[MRT]!memmove'."
"Message",Normal,"          P/Invoke 'CallingConventionConverter_GetStubs' with [DllImport(ExactSpelling=true)] resolved to '*!CallingConventionConverter_GetStubs'."
"Message",Normal,"          P/Invoke 'GetLastError' resolved to 'api-ms-win-core-errorhandling-l1-1-1.dll!GetLastError' from 'C:\Program Files (x86)\Windows Kits\10\lib\10.0.14393.0\um\x86\WindowsApp.lib'."
"Message",Normal,"          P/Invoke 'RoInitialize' resolved to 'api-ms-win-core-winrt-l1-1-0.dll!RoInitialize' from 'C:\Program Files (x86)\Windows Kits\10\lib\10.0.14393.0\um\x86\WindowsApp.lib'."
"Message",Normal,"          P/Invoke 'IsValidLocaleName' resolved to 'api-ms-win-core-localization-l1-2-1.dll!IsValidLocaleName' from 'C:\Program Files (x86)\Windows Kits\10\lib\10.0.14393.0\um\x86\WindowsApp.lib'."
"Message",Normal,"          P/Invoke 'ResolveLocaleName' resolved to 'api-ms-win-core-localization-l1-2-1.dll!ResolveLocaleName' from 'C:\Program Files (x86)\Windows Kits\10\lib\10.0.14393.0\um\x86\WindowsApp.lib'."
"Message",Normal,"          P/Invoke 'GetCPInfoExW' resolved to 'api-ms-win-core-localization-l1-2-1.dll!GetCPInfoExW' from 'C:\Program Files (x86)\Windows Kits\10\lib\10.0.14393.0\um\x86\WindowsApp.lib'."
"Message",Normal,"          P/Invoke 'CoCreateInstance' with [DllImport(ExactSpelling=true)] resolved to 'api-ms-win-core-com-l1-1-0.dll!CoCreateInstance'."
"Message",Normal,"          P/Invoke 'RtlIpv6AddressToStringExW' resolved to 'ntdll.dll!RtlIpv6AddressToStringExW' from 'C:\Program Files (x86)\Windows Kits\10\lib\10.0.14393.0\um\x86\WindowsApp.lib'."
"Message",Normal,"          P/Invoke 'RtlIpv4AddressToStringExW' resolved to 'ntdll.dll!RtlIpv4AddressToStringExW' from 'C:\Program Files (x86)\Windows Kits\10\lib\10.0.14393.0\um\x86\WindowsApp.lib'."
"Message",Normal,"          P/Invoke '#6' resolved to 'oleaut32.dll!#6' from 'C:\Program Files (x86)\Windows Kits\10\lib\10.0.14393.0\um\x86\WindowsApp.lib'."
"Message",Normal,"          P/Invoke 'inflateInit2_' resolved to 'clrcompression.dll!inflateInit2_' from 'clrcompression.dll'."
"Message",Normal,"          P/Invoke 'deflateInit2_' resolved to 'clrcompression.dll!deflateInit2_' from 'clrcompression.dll'."
"Message",Normal,"          P/Invoke 'inflate' resolved to 'clrcompression.dll!inflate' from 'clrcompression.dll'."
"Message",Normal,"          P/Invoke 'deflateEnd' resolved to 'clrcompression.dll!deflateEnd' from 'clrcompression.dll'."
"Message",Normal,"          P/Invoke 'inflateEnd' resolved to 'clrcompression.dll!inflateEnd' from 'clrcompression.dll'."
"Message",Normal,"          P/Invoke 'deflate' resolved to 'clrcompression.dll!deflate' from 'clrcompression.dll'."
"Message",Normal,"          P/Invoke 'FormatMessageW' resolved to 'api-ms-win-core-localization-l1-2-1.dll!FormatMessageW' from 'C:\Program Files (x86)\Windows Kits\10\lib\10.0.14393.0\um\x86\WindowsApp.lib'."
"Message",Normal,"          P/Invoke 'RoGetBufferMarshaler' resolved to 'api-ms-win-core-winrt-robuffer-l1-1-0.dll!RoGetBufferMarshaler' from 'C:\Program Files (x86)\Windows Kits\10\lib\10.0.14393.0\um\x86\WindowsApp.lib'."
"Message",High,"  Generating code..."
"Message",High,"  Interop code generated."
"Message",Normal,"  Written code to AssemblyInfo.g.cs"
"Message",Normal,"  Written code to Adapters.g.cs"
"Message",Normal,"  Written code to Data.g.cs"
"Message",Normal,"  Written code to Helpers.g.cs"
"Message",Normal,"  Written code to ImplTypes.g.cs"
"Message",Normal,"  Written code to PInvoke.g.cs"
"Message",Normal,"  Written code to SafeTypes.g.cs"
"Message",Normal,"  Written code to SharedStubs.g.cs"
"Message",Normal,"Running 'GenerateCodeAndCompile' transform, heap at 179 MB."
"Message",High,"Generating serialization code"
"Message",High,"Compiling interop code"
"Message",Normal,"Compiling generated source code: C:\Users\v-chmin\.nuget\packages\microsoft.net.native.compiler\1.7.0\tools\x86\ilc\csc\csc.exe /noconfig @""D:\test\A_Windows_UWP-Presidents\presidents\Presidents\obj\x86\Release\ilc\intermediate\Presidents.McgInterop.rsp"""
"Message",High,"Generating System.Reflection.DispatchProxy proxy code."
"Message",Normal,"Running 'DumpNativeResources' transform, heap at 159 MB."
"Message",Normal,"Running 'ReducedCopyInitialize' transform, heap at 159 MB."
"Message",Normal,"Running 'ReducedCopyEmptyTypes' transform, heap at 186 MB."
"Message",Normal,"Running 'ReducedCopyPopulateTypes' transform, heap at 189 MB."
"Message",Normal,"Running 'ReducedCopyLateMetadata' transform, heap at 212 MB."
"Message",Normal,"Running 'ReducedCopyMethodBodies' transform, heap at 231 MB."
"Message",Normal,"Running 'ReducedCopyComplete' transform, heap at 201 MB."
"Message",Normal,"Running 'ReducedCopyCleanup' transform, heap at 225 MB."
"Message",Normal,"Running 'DeveloperExperienceModeOnlyCodeRemover' transform, heap at 60 MB."
"Message",Normal,"Running 'ComImportDetector' transform, heap at 69 MB."
"Message",Normal,"Running 'McgAccessor' transform, heap at 69 MB."
"Message",Normal,"Running 'McgRedirect' transform, heap at 70 MB."
"Message",Normal,"Running 'McgRedirect' transform, heap at 75 MB."
"Message",Normal,"Running 'McgTypeOf' transform, heap at 76 MB."
"Message",Normal,"Running 'ExceptionMiniaturizer' transform, heap at 82 MB."
"Message",Normal,"Running 'EventSource' transform, heap at 93 MB."
"Message",Normal,"Running 'ValueType' transform, heap at 93 MB."
"Message",Normal,"Running 'Attribute' transform, heap at 93 MB."
"Message",Normal,"Running 'GetType' transform, heap at 93 MB."
"Message",Normal,"Running 'McgFixups' transform, heap at 94 MB."
"Message",Normal,"Running 'ResourceManagerCtor' transform, heap at 95 MB."
"Message",Normal,"Running 'TypeofTypeHandle' transform, heap at 95 MB."
"Message",Normal,"Running 'DispatchProxyIntrinsics' transform, heap at 99 MB."
"Message",Normal,"Running 'StaticInitData' transform, heap at 99 MB."
"Message",Normal,"Running 'StartupCodeInjector' transform, heap at 109 MB."
"Message",Normal,"Running 'InjectAppContextSwitches' transform, heap at 109 MB."
"Message",Normal,"Running 'ImplementLibraryDynamicInvokeHelpers' transform, heap at 109 MB."
"Message",Normal,"Running 'Delegate' transform, heap at 109 MB."
"Message",Normal,"Running 'DelegateCtorCall' transform, heap at 117 MB."
"Message",Normal,"Running 'LazyGenerics' transform, heap at 119 MB."
"Message",Normal,"Running 'AddReflectionBlockedAttributes' transform, heap at 138 MB."
"Message",Normal,"Running 'DisableOptimization' transform, heap at 138 MB."
"Message",Normal,"Running 'CreateMetadata' transform, heap at 138 MB."
"Message",Normal,"Running 'SaveRVAStatics' transform, heap at 179 MB."
"Message",Normal,"Running 'ReflectionInvoke' transform, heap at 180 MB."
"Message",Normal,"Running 'ScrubOpenCalls' transform, heap at 183 MB."
"Message",Normal,"Running 'ConvertCatchIntoFilter' transform, heap at 183 MB."
"Message",Normal,"Running 'ReflectionMappingInfoEmit' transform, heap at 183 MB."
"Message",Normal,"Running 'ConvertManagedWinMD' transform, heap at 187 MB."
"Message",Normal,"Running 'Reducer' transform, heap at 187 MB."
"Message",High,"Cleaning up unreferenced code"
"Message",Normal,"Running 'WriteAssemblies' transform, heap at 138 MB."
"Message",Normal,""
"Message",Normal,"Transform summary"
"Message",Normal,"    ms | heap delta | name"
"Message",Normal,"  7060 |        147 | Analysis"
"Message",Normal,"  4250 |        -20 | GenerateCodeAndCompile"
"Message",Normal,"  2764 |        -40 | WriteAssemblies"
"Message",Normal,"  1794 |        -49 | Reducer"
"Message",Normal,"  1323 |          2 | Mcg"
"Message",Normal,"   571 |         41 | CreateMetadata"
"Message",Normal,"   376 |        -30 | ReducedCopyMethodBodies"
"Message",Normal,"   251 |         24 | ReducedCopyComplete"
"Message",Normal,"   212 |          6 | McgTypeOf"
"Message",Normal,"   206 |         23 | ReducedCopyPopulateTypes"
"Message",Normal,"   179 |         27 | ReducedCopyInitialize"
"Message",Normal,"   128 |         10 | StaticInitData"
"Message",Normal,"   124 |         19 | LazyGenerics"
"Message",Normal,"   114 |         19 | ReducedCopyLateMetadata"
"Message",Normal,"   100 |          5 | McgRedirect"
"Message",Normal,"    91 |       -165 | ReducedCopyCleanup"
"Message",Normal,"    56 |          1 | McgRedirect"
"Message",Normal,"    50 |         11 | ExceptionMiniaturizer"
"Message",Normal,"    47 |          8 | Delegate"
"Message",Normal,"    45 |          4 | TypeofTypeHandle"
"Message",Normal,"    36 |          2 | DelegateCtorCall"
"Message",Normal,"    22 |          3 | ReducedCopyEmptyTypes"
"Message",Normal,"    22 |          1 | SaveRVAStatics"
"Message",Normal,"    20 |          1 | McgFixups"
"Message",Normal,"    15 |          3 | ReflectionInvoke"
"Message",Normal,"    13 |          0 | StartupCodeInjector"
"Message",Normal,"    12 |          0 | ValueType"
"Message",Normal,"    12 |          1 | McgAccessor"
"Message",Normal,"    11 |          1 | GetType"
"Message",Normal,"    11 |          4 | ReflectionMappingInfoEmit"
"Message",Normal,"    10 |          9 | DeveloperExperienceModeOnlyCodeRemover"
"Message",Normal,"     9 |          0 | ScrubOpenCalls"
"Message",Normal,"     9 |          0 | DispatchProxyIntrinsics"
"Message",Normal,"     6 |          0 | Attribute"
"Message",Normal,"     6 |          0 | ConvertCatchIntoFilter"
"Message",Normal,"     4 |          0 | EventSource"
"Message",Normal,"     3 |          0 | DumpNativeResources"
"Message",Normal,"     3 |          0 | ResourceManagerCtor"
"Message",Normal,"     2 |          0 | DisableOptimization"
"Message",Normal,"     1 |          0 | ComImportDetector"
"Message",Normal,"     1 |          0 | InjectAppContextSwitches"
"Message",Normal,"     1 |          0 | AddReflectionBlockedAttributes"
"Message",Normal,"     0 |          0 | ConvertManagedWinMD"
"Message",Normal,"     0 |          0 | ImplementLibraryDynamicInvokeHelpers"
"Message",Low,"Done executing task ""RunILTransforms""."
"Message",Low,"Done building target ""RunILTransforms"" in file ""ILTransforms""."
"Message",Low,"Done building project ""ILTransforms""."
"Message",Low,""
"Message",Low,""
"Message",Low,"Done building target ""GenerateMDIL"" in file ""Nutc""."
"Message",Low,""
"Message",High,"Generating native code"
"Message",Low,"Done building target ""MDILPrepareMultiFile"" in file ""Nutc""."
"Message",Low,""
"Message",Low,"Done building target ""SetBinaryForReferences"" in file ""Nutc""."
"Message",Low,""
"Message",Low,"Task ""GenerateMDILGlobalAnalysis"""
"Message",Normal,"Launching 'C:\Users\v-chmin\.nuget\packages\microsoft.net.native.compiler\1.7.0\tools\x86\ilc\Tools\nutc_driver.exe @""D:\test\A_Windows_UWP-Presidents\presidents\Presidents\obj\x86\Release\ilc\intermediate\MDIL\Presidents.rsp""'"
"Message",Low,"Microsoft (R) MDIL Compiler - Version 1.7.25531.01"
"Message",Low,"Copyright (c) Microsoft Corporation.  All rights reserved."
"Message",Low,"Scanning input types"
"Message",Low,"Scanning 11502 methods."
"Message",Low,"Scanning 3900 methods."
"Message",Low,"Scanning 2236 methods."
"Message",Low,"Scanning 1496 methods."
"Message",Low,"Scanning 2993 methods."
"Message",Low,"Scanning 1649 methods."
"Message",Low,"Scanning 623 methods."
"Message",Low,"Scanning 376 methods."
"Message",Low,"Scanning 313 methods."
"Message",Low,"Scanning 293 methods."
"Message",Low,"Scanning 351 methods."
"Message",Low,"Scanning 241 methods."
"Message",Low,"Scanning 108 methods."
"Message",Low,"Scanning 52 methods."
"Message",Low,"Scanning 17 methods."
"Message",Low,"Scanning 9 methods."
"Message",Low,"Scanning 5 methods."
"Message",Low,"Scanning 7 methods."
"Message",Low,"Scanning 3 methods."
"Message",Low,"Eager code generation"
"Message",Low,"Compiling 26174 methods."
"Message",Low,"Deferred code generation"
"Message",Low,"Compiling 4 methods."
"Message",Low,"Compiling 30 methods."
"Message",Low,"Successfully generated 'D:\test\A_Windows_UWP-Presidents\presidents\Presidents\obj\x86\Release\ilc\intermediate\MDIL\Presidents.mdilexe'"
"Message",Low,"Successfully generated 'D:\test\A_Windows_UWP-Presidents\presidents\Presidents\obj\x86\Release\ilc\intermediate\MDIL\Presidents.mdilpdb'"
"Message",Normal,"'C:\Users\v-chmin\.nuget\packages\microsoft.net.native.compiler\1.7.0\tools\x86\ilc\Tools\nutc_driver.exe @""D:\test\A_Windows_UWP-Presidents\presidents\Presidents\obj\x86\Release\ilc\intermediate\MDIL\Presidents.rsp""' completed."
"Message",Normal,"Process execution statistics (all times in milliseconds)"
"Message",Normal,"-----------------------------------------------------------------------------"
"Message",Normal,"launch  |  start   |   stop   |   end    | duration | lifetime | [slot] name"
"Message",Normal,"-----------------------------------------------------------------------------"
"Message",Normal,"       0 |        0 |    19719 |    19719 |    19719 |    19719 | [0] Nutc GlobalAnalysis"
"Message",Normal,"Number of commands:      1"
"Message",Normal,"Total system time:       19719 ms"
"Message",Normal,"System time per command: 19719 ms"
"Message",Normal,"Total duration:          19719 ms"
"Message",Normal,"Total lifetime:          19719 ms"
"Message",Normal,"Requested DOP:           4"
"Message",Normal,"Duration DOP:            1.0"
"Message",Normal,"Lifetime DOP:            1.0"
"Message",Low,"Done executing task ""GenerateMDILGlobalAnalysis""."
"Message",Low,"Done building target ""GenerateMDILGlobalAnalysis"" in file ""Nutc""."
"Message",Low,""
"Message",Low,"Task ""rc"""
"Message",Normal,"Launching 'C:\Program Files (x86)\Windows Kits\10\bin\x64\rc.exe /c ""65001"" /r /fo ""D:\test\A_Windows_UWP-Presidents\presidents\Presidents\obj\x86\Release\ilc\intermediate\BuildInfo\BuildInfo.res"" ""D:\test\A_Windows_UWP-Presidents\presidents\Presidents\obj\x86\Release\ilc\intermediate\BuildInfo\BuildInfo.rc""'"
"Message",Low,"Microsoft (R) Windows (R) Resource Compiler Version 10.0.10011.16384"
"Message",Low,"Copyright (C) Microsoft Corporation.  All rights reserved."
"Message",Normal,"'C:\Program Files (x86)\Windows Kits\10\bin\x64\rc.exe /c ""65001"" /r /fo ""D:\test\A_Windows_UWP-Presidents\presidents\Presidents\obj\x86\Release\ilc\intermediate\BuildInfo\BuildInfo.res"" ""D:\test\A_Windows_UWP-Presidents\presidents\Presidents\obj\x86\Release\ilc\intermediate\BuildInfo\BuildInfo.rc""' completed."
"Message",Normal,"Process execution statistics (all times in milliseconds)"
"Message",Normal,"-----------------------------------------------------------------------------"
"Message",Normal,"launch  |  start   |   stop   |   end    | duration | lifetime | [slot] name"
"Message",Normal,"-----------------------------------------------------------------------------"
"Message",Normal,"       0 |        0 |      125 |      125 |      125 |      125 | [0] rc"
"Message",Normal,"Number of commands:      1"
"Message",Normal,"Total system time:       125 ms"
"Message",Normal,"System time per command: 125 ms"
"Message",Normal,"Total duration:          125 ms"
"Message",Normal,"Total lifetime:          125 ms"
"Message",Normal,"Requested DOP:           4"
"Message",Normal,"Duration DOP:            1.0"
"Message",Normal,"Lifetime DOP:            1.0"
"Message",Low,"Done executing task ""rc""."
"Message",Low,"Task ""ResourceBinaryConcatenate"""
"Message",Normal,"Concatenating into 'D:\test\A_Windows_UWP-Presidents\presidents\Presidents\obj\x86\Release\ilc\intermediate\Native.res' with alignment '4'."
"Message",Normal," Added 'D:\test\A_Windows_UWP-Presidents\presidents\Presidents\obj\x86\Release\ilc\intermediate\ILTransformed\Presidents.res' at offset 0."
"Message",Normal," Added 'D:\test\A_Windows_UWP-Presidents\presidents\Presidents\obj\x86\Release\ilc\intermediate\BuildInfo\BuildInfo.res' at offset 1400."
"Message",Low,"Done executing task ""ResourceBinaryConcatenate""."
"Message",Low,"Done building target ""GenerateBuildInfo"" in file ""Nutc""."
"Message",Low,"Done building project ""Nutc""."
"Message",Low,""
"Message",Low,""
"Message",Low,"Done building target ""MDILBindPrepare"" in file ""Binder""."
"Message",Low,""
"Message",High,"Generating fixups for native code"
"Message",Low,"Task ""MDILBind"""
"Message",Normal,"Launching 'C:\Users\v-chmin\.nuget\packages\microsoft.net.native.compiler\1.7.0\tools\x86\ilc\Tools\rhbind.exe @""D:\test\A_Windows_UWP-Presidents\presidents\Presidents\obj\x86\Release\ilc\intermediate\rhbindargs.Presidents.rsp""'"
"Message",Low,"OS VERSION: major: 6  minor: 2"
"Message",Low,"MDIL: D:\test\A_Windows_UWP-Presidents\presidents\Presidents\obj\x86\Release\ilc\intermediate\MDIL\Presidents.mdilexe"
"Message",Low,"MDILPDB: D:\test\A_Windows_UWP-Presidents\presidents\Presidents\obj\x86\Release\ilc\intermediate\MDIL\Presidents.mdilpdb"
"Message",Low,"IL: D:\test\A_Windows_UWP-Presidents\presidents\Presidents\obj\x86\Release\ilc\intermediate\MDIL\Presidents.ilexe"
"Message",Low,"NI: D:\test\A_Windows_UWP-Presidents\presidents\Presidents\obj\x86\Release\ilc\intermediate\Native\Presidents.dll"
"Message",Low,"SHIM: D:\test\A_Windows_UWP-Presidents\presidents\Presidents\obj\x86\Release\ilc\intermediate\Native\Presidents.exe"
"Message",Low,"REDHAWK_RUNTIME_DLL_NAME_A=mrt100_app.dll"
"Message",Low,"pdb: D:\test\A_Windows_UWP-Presidents\presidents\Presidents\obj\x86\Release\ilc\intermediate\Native\Presidents.pdb"
"Message",Low,"Produced D:\test\A_Windows_UWP-Presidents\presidents\Presidents\obj\x86\Release\ilc\intermediate\Native\Presidents.dll in 1.593 seconds"
"Message",Normal,"'C:\Users\v-chmin\.nuget\packages\microsoft.net.native.compiler\1.7.0\tools\x86\ilc\Tools\rhbind.exe @""D:\test\A_Windows_UWP-Presidents\presidents\Presidents\obj\x86\Release\ilc\intermediate\rhbindargs.Presidents.rsp""' completed."
"Message",Normal,"Process execution statistics (all times in milliseconds)"
"Message",Normal,"-----------------------------------------------------------------------------"
"Message",Normal,"launch  |  start   |   stop   |   end    | duration | lifetime | [slot] name"
"Message",Normal,"-----------------------------------------------------------------------------"
"Message",Normal,"       0 |        0 |     1641 |     1641 |     1641 |     1641 | [0] rhbind Presidents"
"Message",Normal,"Number of commands:      1"
"Message",Normal,"Total system time:       1641 ms"
"Message",Normal,"System time per command: 1641 ms"
"Message",Normal,"Total duration:          1641 ms"
"Message",Normal,"Total lifetime:          1641 ms"
"Message",Normal,"Requested DOP:           4"
"Message",Normal,"Duration DOP:            1.0"
"Message",Normal,"Lifetime DOP:            1.0"
"Message",Low,"Done executing task ""MDILBind""."
"Message",Low,"Done building target ""MDILBind"" in file ""Binder""."
"Message",Low,"Done building project ""Binder""."
"Message",Low,""
"Message",Low,""
"Message",Low,"Done building target ""CopyNativeExecutablesToOutput"" in file ""Deployment""."
"Message",Low,""
"Message",Low,"Task ""TransformAppxManifest"""
"Message",Low,"Done executing task ""TransformAppxManifest""."
"Message",Low,"Done building target ""TransformAppxManifestAndAddCrt"" in file ""Deployment""."
"Message",Low,""
"Message",Low,"Done building target ""CopyPackageResourceFileInRetailBuild"" in file ""Deployment""."
"Message",Low,"Done building project ""Deployment""."
"Message",Low,"Compilation finished"
